Date,Consumption (MWh),t,Mon,Tue,Wed,Thu,Fri,Sat,temp
01.01.2023,"660,156",1,0,0,0,0,0,1,3.3
02.01.2023,"858,516",2,0,0,0,0,0,0,2.5
03.01.2023,"733,089",3,1,0,0,0,0,0,1.9
04.01.2023,"773,092",4,0,1,0,0,0,0,1.3
05.01.2023,"777,213",5,0,0,1,0,0,0,2.9
06.01.2023,"799,889",6,0,0,0,1,0,0,0.9
07.01.2023,"803,796",7,0,0,0,0,1,0,1.3
08.01.2023,"746,639",8,0,0,0,0,0,1,0.3
09.01.2023,"771,510",9,0,0,0,0,0,0,0.5
10.01.2023,"857,332",10,1,0,0,0,0,0,0.1
11.01.2023,"765,577",11,0,1,0,0,0,0,4
12.01.2023,"825,845",12,0,0,1,0,0,0,6.9
13.01.2023,"831,498",13,0,0,0,1,0,0,3.4
14.01.2023,"850,249",14,0,0,0,0,1,0,2.5
15.01.2023,"754,891",15,0,0,0,0,0,1,2.2
16.01.2023,"871,165",16,0,0,0,0,0,0,3.2
17.01.2023,"896,479",17,1,0,0,0,0,0,5.5
18.01.2023,"742,278",18,0,1,0,0,0,0,8.3
19.01.2023,"800,290",19,0,0,1,0,0,0,6.7
20.01.2023,"862,439",20,0,0,0,1,0,0,6
21.01.2023,"808,735",21,0,0,0,0,1,0,6
22.01.2023,"692,824",22,0,0,0,0,0,1,5.5
23.01.2023,"767,796",23,0,0,0,0,0,0,5.3
24.01.2023,"875,148",24,1,0,0,0,0,0,4.1
25.01.2023,"809,841",25,0,1,0,0,0,0,2.1
26.01.2023,"853,503",26,0,0,1,0,0,0,2.1
27.01.2023,"881,631",27,0,0,0,1,0,0,5.2
28.01.2023,"767,455",28,0,0,0,0,1,0,6.2
29.01.2023,"688,186",29,0,0,0,0,0,1,3.7
30.01.2023,"854,263",30,0,0,0,0,0,0,1.6
31.01.2023,"876,458",31,1,0,0,0,0,0,1.4
01.02.2023,"838,855",32,0,1,0,0,0,0,0.2
02.02.2023,"907,250",33,0,0,1,0,0,0,-0.8
03.02.2023,"758,075",34,0,0,0,1,0,0,0
04.02.2023,"830,732",35,0,0,0,0,1,0,-1.6
05.02.2023,"732,909",36,0,0,0,0,0,1,-1.9
06.02.2023,"802,039",37,0,0,0,0,0,0,0.5
07.02.2023,"832,482",38,1,0,0,0,0,0,-0.9
08.02.2023,"797,072",39,0,1,0,0,0,0,-3.1
09.02.2023,"861,612",40,0,0,1,0,0,0,-1.4
10.02.2023,"813,696",41,0,0,0,1,0,0,-0.6
11.02.2023,"677,131",42,0,0,0,0,1,0,-0.5
12.02.2023,"662,449",43,0,0,0,0,0,1,-1.2
13.02.2023,"814,206",44,0,0,0,0,0,0,-0.7
14.02.2023,"786,235",45,1,0,0,0,0,0,-1.3
15.02.2023,"854,545",46,0,1,0,0,0,0,0.5
16.02.2023,"871,935",47,0,0,1,0,0,0,-0.1
17.02.2023,"798,235",48,0,0,0,1,0,0,0.6
18.02.2023,"770,560",49,0,0,0,0,1,0,3.7
19.02.2023,"662,983",50,0,0,0,0,0,1,8.8
20.02.2023,"786,030",51,0,0,0,0,0,0,5.1
21.02.2023,"807,093",52,1,0,0,0,0,0,4.3
22.02.2023,"796,790",53,0,1,0,0,0,0,6.8
23.02.2023,"776,164",54,0,0,1,0,0,0,7.4
24.02.2023,"835,024",55,0,0,0,1,0,0,7.5
25.02.2023,"793,816",56,0,0,0,0,1,0,8.4
26.02.2023,"568,312",57,0,0,0,0,0,1,9.2
27.02.2023,"777,921",58,0,0,0,0,0,0,9.5
28.02.2023,"755,098",59,1,0,0,0,0,0,11.5
01.03.2023,"792,465",60,0,1,0,0,0,0,13.5
02.03.2023,"834,653",61,0,0,1,0,0,0,12.2
03.03.2023,"795,168",62,0,0,0,1,0,0,11
04.03.2023,"801,816",63,0,0,0,0,1,0,8.8
05.03.2023,"635,987",64,0,0,0,0,0,1,8.3
06.03.2023,"823,908",65,0,0,0,0,0,0,5.9
07.03.2023,"736,593",66,1,0,0,0,0,0,6.8
08.03.2023,"763,864",67,0,1,0,0,0,0,9.1
09.03.2023,"834,571",68,0,0,1,0,0,0,10
10.03.2023,"800,683",69,0,0,0,1,0,0,11
11.03.2023,"696,598",70,0,0,0,0,1,0,12.5
12.03.2023,"709,302",71,0,0,0,0,0,1,7.9
13.03.2023,"831,931",72,0,0,0,0,0,0,4.6
14.03.2023,"841,985",73,1,0,0,0,0,0,4.1
15.03.2023,"729,416",74,0,1,0,0,0,0,8
16.03.2023,"771,068",75,0,0,1,0,0,0,8.6
17.03.2023,"775,806",76,0,0,0,1,0,0,6.7
18.03.2023,"715,183",77,0,0,0,0,1,0,6.3
19.03.2023,"702,304",78,0,0,0,0,0,1,7
20.03.2023,"855,356",79,0,0,0,0,0,0,8.7
21.03.2023,"760,951",80,1,0,0,0,0,0,7.5
22.03.2023,"769,777",81,0,1,0,0,0,0,8.5
23.03.2023,"726,495",82,0,0,1,0,0,0,7.5
24.03.2023,"780,396",83,0,0,0,1,0,0,8.7
25.03.2023,"748,465",84,0,0,0,0,1,0,10.3
26.03.2023,"669,237",85,0,0,0,0,0,1,10.6
27.03.2023,"735,340",86,0,0,0,0,0,0,11.2
28.03.2023,"756,284",87,1,0,0,0,0,0,9.3
29.03.2023,"883,252",88,0,1,0,0,0,0,2.3
30.03.2023,"879,712",89,0,0,1,0,0,0,-0.3
31.03.2023,"741,715",90,0,0,0,1,0,0,2.3
01.04.2023,"792,568",91,0,0,0,0,1,0,9.8
02.04.2023,"681,907",92,0,0,0,0,0,1,11.9
03.04.2023,"757,172",93,0,0,0,0,0,0,14.2
04.04.2023,"772,148",94,1,0,0,0,0,0,14.1
05.04.2023,"761,462",95,0,1,0,0,0,0,9.1
06.04.2023,"767,416",96,0,0,1,0,0,0,8.5
07.04.2023,"801,094",97,0,0,0,1,0,0,7
08.04.2023,"763,547",98,0,0,0,0,1,0,8.3
09.04.2023,"742,356",99,0,0,0,0,0,1,11
10.04.2023,"767,807",100,0,0,0,0,0,0,9.9
11.04.2023,"838,885",101,1,0,0,0,0,0,9
12.04.2023,"709,942",102,0,1,0,0,0,0,7.7
13.04.2023,"834,290",103,0,0,1,0,0,0,8.1
14.04.2023,"775,512",104,0,0,0,1,0,0,11.2
15.04.2023,"743,248",105,0,0,0,0,1,0,14.8
16.04.2023,"639,882",106,0,0,0,0,0,1,15
17.04.2023,"769,117",107,0,0,0,0,0,0,14.6
18.04.2023,"753,401",108,1,0,0,0,0,0,15
19.04.2023,"737,632",109,0,1,0,0,0,0,13.9
20.04.2023,"641,224",110,0,0,1,0,0,0,11.2
21.04.2023,"499,876",111,0,0,0,1,0,0,10.9
22.04.2023,"478,971",112,0,0,0,0,1,0,12
23.04.2023,"518,493",113,0,0,0,0,0,1,10.3
24.04.2023,"560,673",114,0,0,0,0,0,0,10.9
25.04.2023,"800,222",115,1,0,0,0,0,0,12.1
26.04.2023,"842,597",116,0,1,0,0,0,0,14.2
27.04.2023,"861,864",117,0,0,1,0,0,0,11.1
28.04.2023,"790,946",118,0,0,0,1,0,0,8.1
29.04.2023,"711,236",119,0,0,0,0,1,0,6.6
30.04.2023,"649,974",120,0,0,0,0,0,1,7.1
01.05.2023,"630,439",121,0,0,0,0,0,0,9.7
02.05.2023,"769,476",122,1,0,0,0,0,0,12
03.05.2023,"752,575",123,0,1,0,0,0,0,14.6
04.05.2023,"791,748",124,0,0,1,0,0,0,15.9
05.05.2023,"763,610",125,0,0,0,1,0,0,18.2
06.05.2023,"762,415",126,0,0,0,0,1,0,18.9
07.05.2023,"636,849",127,0,0,0,0,0,1,13.6
08.05.2023,"761,133",128,0,0,0,0,0,0,15
09.05.2023,"880,116",129,1,0,0,0,0,0,16.1
10.05.2023,"891,167",130,0,1,0,0,0,0,14.9
11.05.2023,"788,040",131,0,0,1,0,0,0,14.7
12.05.2023,"724,118",132,0,0,0,1,0,0,14.1
13.05.2023,"675,744",133,0,0,0,0,1,0,14.7
14.05.2023,"614,024",134,0,0,0,0,0,1,15.5
15.05.2023,"777,426",135,0,0,0,0,0,0,16.8
16.05.2023,"853,827",136,1,0,0,0,0,0,20.2
17.05.2023,"779,031",137,0,1,0,0,0,0,19.2
18.05.2023,"781,217",138,0,0,1,0,0,0,15.7
19.05.2023,"762,970",139,0,0,0,1,0,0,14.4
20.05.2023,"674,930",140,0,0,0,0,1,0,13.8
21.05.2023,"673,167",141,0,0,0,0,0,1,15.6
22.05.2023,"809,608",142,0,0,0,0,0,0,15
23.05.2023,"833,438",143,1,0,0,0,0,0,14.5
24.05.2023,"820,585",144,0,1,0,0,0,0,15.5
25.05.2023,"805,137",145,0,0,1,0,0,0,15
26.05.2023,"795,040",146,0,0,0,1,0,0,16.5
27.05.2023,"805,328",147,0,0,0,0,1,0,18.6
28.05.2023,"640,553",148,0,0,0,0,0,1,18.8
29.05.2023,"663,492",149,0,0,0,0,0,0,17.5
30.05.2023,"793,274",150,1,0,0,0,0,0,14.8
31.05.2023,"786,961",151,0,1,0,0,0,0,16.1
01.06.2023,"796,038",152,0,0,1,0,0,0,17
02.06.2023,"856,619",153,0,0,0,1,0,0,19.2
03.06.2023,"760,265",154,0,0,0,0,1,0,16.8
04.06.2023,"709,369",155,0,0,0,0,0,1,15.8
05.06.2023,"703,034",156,0,0,0,0,0,0,17.1
06.06.2023,"782,748",157,1,0,0,0,0,0,18.2
07.06.2023,"734,295",158,0,1,0,0,0,0,20.4
08.06.2023,"774,503",159,0,0,1,0,0,0,21.6
09.06.2023,"748,865",160,0,0,0,1,0,0,20.4
10.06.2023,"765,165",161,0,0,0,0,1,0,20.2
11.06.2023,"715,802",162,0,0,0,0,0,1,17.8
12.06.2023,"723,594",163,0,0,0,0,0,0,18.5
13.06.2023,"815,749",164,1,0,0,0,0,0,18.4
14.06.2023,"799,830",165,0,1,0,0,0,0,17.8
15.06.2023,"858,933",166,0,0,1,0,0,0,20
16.06.2023,"814,738",167,0,0,0,1,0,0,22.2
17.06.2023,"740,484",168,0,0,0,0,1,0,22.6
18.06.2023,"705,082",169,0,0,0,0,0,1,19
19.06.2023,"870,286",170,0,0,0,0,0,0,17.6
20.06.2023,"789,528",171,1,0,0,0,0,0,18.2
21.06.2023,"867,325",172,0,1,0,0,0,0,18.2
22.06.2023,"880,161",173,0,0,1,0,0,0,19.6
23.06.2023,"871,223",174,0,0,0,1,0,0,20
24.06.2023,"838,961",175,0,0,0,0,1,0,22.1
25.06.2023,"742,868",176,0,0,0,0,0,1,22.9
26.06.2023,"715,136",177,0,0,0,0,0,0,23.3
27.06.2023,"711,965",178,1,0,0,0,0,0,22.5
28.06.2023,"572,895",179,0,1,0,0,0,0,23.2
29.06.2023,"586,778",180,0,0,1,0,0,0,22
30.06.2023,"640,643",181,0,0,0,1,0,0,20.7
01.07.2023,"633,355",182,0,0,0,0,1,0,21.5
02.07.2023,"725,857",183,0,0,0,0,0,1,24.4
03.07.2023,"865,189",184,0,0,0,0,0,0,25.9
04.07.2023,"874,549",185,1,0,0,0,0,0,26.8
05.07.2023,"1,010,227",186,0,1,0,0,0,0,27.5
06.07.2023,"832,039",187,0,0,1,0,0,0,27.4
07.07.2023,"944,016",188,0,0,0,1,0,0,26.1
08.07.2023,"852,548",189,0,0,0,0,1,0,22.1
09.07.2023,"716,925",190,0,0,0,0,0,1,18.7
10.07.2023,"898,361",191,0,0,0,0,0,0,20.1
11.07.2023,"849,930",192,1,0,0,0,0,0,20.1
12.07.2023,"997,687",193,0,1,0,0,0,0,23.1
13.07.2023,"1,022,399",194,0,0,1,0,0,0,25.7
14.07.2023,"1,045,939",195,0,0,0,1,0,0,27.5
15.07.2023,"829,498",196,0,0,0,0,1,0,26.9
16.07.2023,"825,687",197,0,0,0,0,0,1,24.4
17.07.2023,"800,606",198,0,0,0,0,0,0,24.5
18.07.2023,"990,008",199,1,0,0,0,0,0,24.5
19.07.2023,"1,034,408",200,0,1,0,0,0,0,24.6
20.07.2023,"877,370",201,0,0,1,0,0,0,26
21.07.2023,"1,062,841",202,0,0,0,1,0,0,27.1
22.07.2023,"1,040,624",203,0,0,0,0,1,0,27.4
23.07.2023,"920,261",204,0,0,0,0,0,1,27.2
24.07.2023,"1,024,343",205,0,0,0,0,0,0,25.9
25.07.2023,"983,628",206,1,0,0,0,0,0,24.5
26.07.2023,"999,306",207,0,1,0,0,0,0,26.3
27.07.2023,"1,036,527",208,0,0,1,0,0,0,28.6
28.07.2023,"995,829",209,0,0,0,1,0,0,22.7
29.07.2023,"1,032,647",210,0,0,0,0,1,0,24.2
30.07.2023,"931,865",211,0,0,0,0,0,1,25.1
31.07.2023,"1,056,006",212,0,0,0,0,0,0,25.5
01.08.2023,"969,418",213,1,0,0,0,0,0,27.2
02.08.2023,"953,780",214,0,1,0,0,0,0,26.5
03.08.2023,"1,064,525",215,0,0,1,0,0,0,27.5
04.08.2023,"1,071,987",216,0,0,0,1,0,0,28.1
05.08.2023,"913,122",217,0,0,0,0,1,0,28.7
06.08.2023,"938,565",218,0,0,0,0,0,1,29.8
07.08.2023,"1,012,828",219,0,0,0,0,0,0,28.7
08.08.2023,"1,022,987",220,1,0,0,0,0,0,28.4
09.08.2023,"998,795",221,0,1,0,0,0,0,26.9
10.08.2023,"1,001,380",222,0,0,1,0,0,0,28
11.08.2023,"990,198",223,0,0,0,1,0,0,25.8
12.08.2023,"860,271",224,0,0,0,0,1,0,26.3
13.08.2023,"824,581",225,0,0,0,0,0,1,28.8
14.08.2023,"990,857",226,0,0,0,0,0,0,32.9
15.08.2023,"900,679",227,1,0,0,0,0,0,33.4
16.08.2023,"915,216",228,0,1,0,0,0,0,32.3
17.08.2023,"1,041,149",229,0,0,1,0,0,0,30.5
18.08.2023,"1,039,823",230,0,0,0,1,0,0,30.3
19.08.2023,"938,300",231,0,0,0,0,1,0,29.8
20.08.2023,"851,017",232,0,0,0,0,0,1,29
21.08.2023,"1,038,448",233,0,0,0,0,0,0,27.9
22.08.2023,"991,728",234,1,0,0,0,0,0,27.6
23.08.2023,"943,032",235,0,1,0,0,0,0,27.3
24.08.2023,"1,075,333",236,0,0,1,0,0,0,27
25.08.2023,"976,220",237,0,0,0,1,0,0,26.7
26.08.2023,"1,000,115",238,0,0,0,0,1,0,25.5
27.08.2023,"901,284",239,0,0,0,0,0,1,25.5
28.08.2023,"1,037,320",240,0,0,0,0,0,0,25.3
29.08.2023,"963,053",241,1,0,0,0,0,0,24.8
30.08.2023,"918,073",242,0,1,0,0,0,0,27.1
31.08.2023,"874,109",243,0,0,1,0,0,0,27.7
01.09.2023,"921,619",244,0,0,0,1,0,0,26.6
02.09.2023,"948,509",245,0,0,0,0,1,0,25.2
03.09.2023,"814,452",246,0,0,0,0,0,1,19.3
04.09.2023,"869,189",247,0,0,0,0,0,0,18.2
05.09.2023,"965,220",248,1,0,0,0,0,0,22.8
06.09.2023,"919,137",249,0,1,0,0,0,0,24.5
07.09.2023,"1,028,668",250,0,0,1,0,0,0,24.4
08.09.2023,"902,466",251,0,0,0,1,0,0,21.3
09.09.2023,"881,780",252,0,0,0,0,1,0,21.7
10.09.2023,"816,198",253,0,0,0,0,0,1,19.9
11.09.2023,"721,563",254,0,0,0,0,0,0,18.2
12.09.2023,"958,037",255,1,0,0,0,0,0,18
13.09.2023,"880,269",256,0,1,0,0,0,0,18.2
14.09.2023,"911,677",257,0,0,1,0,0,0,18.4
15.09.2023,"776,784",258,0,0,0,1,0,0,19.3
16.09.2023,"806,625",259,0,0,0,0,1,0,20
17.09.2023,"756,118",260,0,0,0,0,0,1,20.2
18.09.2023,"785,879",261,0,0,0,0,0,0,18.7
19.09.2023,"795,666",262,1,0,0,0,0,0,17.7
20.09.2023,"877,412",263,0,1,0,0,0,0,18.3
21.09.2023,"806,754",264,0,0,1,0,0,0,19.7
22.09.2023,"880,836",265,0,0,0,1,0,0,20.5
23.09.2023,"848,018",266,0,0,0,0,1,0,21.5
24.09.2023,"792,314",267,0,0,0,0,0,1,23
25.09.2023,"788,760",268,0,0,0,0,0,0,23.1
26.09.2023,"894,971",269,1,0,0,0,0,0,22
27.09.2023,"947,615",270,0,1,0,0,0,0,21.8
28.09.2023,"709,794",271,0,0,1,0,0,0,20.5
29.09.2023,"748,142",272,0,0,0,1,0,0,19.1
30.09.2023,"830,031",273,0,0,0,0,1,0,19.1
01.10.2023,"577,004",274,0,0,0,0,0,1,16.2
02.10.2023,"762,767",275,0,0,0,0,0,0,17.3
03.10.2023,"796,857",276,1,0,0,0,0,0,16
04.10.2023,"802,554",277,0,1,0,0,0,0,14.2
05.10.2023,"764,107",278,0,0,1,0,0,0,14.9
06.10.2023,"731,856",279,0,0,0,1,0,0,15.5
07.10.2023,"764,282",280,0,0,0,0,1,0,16.4
08.10.2023,"594,952",281,0,0,0,0,0,1,15.8
09.10.2023,"744,537",282,0,0,0,0,0,0,13.9
10.10.2023,"830,375",283,1,0,0,0,0,0,14.1
11.10.2023,"768,406",284,0,1,0,0,0,0,14.5
12.10.2023,"831,739",285,0,0,1,0,0,0,13.4
13.10.2023,"740,692",286,0,0,0,1,0,0,13.2
14.10.2023,"758,436",287,0,0,0,0,1,0,14.4
15.10.2023,"705,022",288,0,0,0,0,0,1,14.3
16.10.2023,"743,758",289,0,0,0,0,0,0,14.5
17.10.2023,"860,148",290,1,0,0,0,0,0,14.6
18.10.2023,"870,300",291,0,1,0,0,0,0,13.1
19.10.2023,"825,401",292,0,0,1,0,0,0,12.6
20.10.2023,"731,154",293,0,0,0,1,0,0,13
21.10.2023,"659,218",294,0,0,0,0,1,0,15
22.10.2023,"620,755",295,0,0,0,0,0,1,17.4
23.10.2023,"735,563",296,0,0,0,0,0,0,17.7
24.10.2023,"793,279",297,1,0,0,0,0,0,17.1
25.10.2023,"662,448",298,0,1,0,0,0,0,16.6
26.10.2023,"795,090",299,0,0,1,0,0,0,17.8
27.10.2023,"816,826",300,0,0,0,1,0,0,18.9
28.10.2023,"735,472",301,0,0,0,0,1,0,17.4
29.10.2023,"653,056",302,0,0,0,0,0,1,16.5
30.10.2023,"743,017",303,0,0,0,0,0,0,18.3
31.10.2023,"726,335",304,1,0,0,0,0,0,17.3
01.11.2023,"821,173",305,0,1,0,0,0,0,16.1
02.11.2023,"753,855",306,0,0,1,0,0,0,14.5
03.11.2023,"782,886",307,0,0,0,1,0,0,14.2
04.11.2023,"753,665",308,0,0,0,0,1,0,16
05.11.2023,"692,116",309,0,0,0,0,0,1,17.9
06.11.2023,"656,428",310,0,0,0,0,0,0,16.7
07.11.2023,"759,260",311,1,0,0,0,0,0,15.5
08.11.2023,"798,438",312,0,1,0,0,0,0,14.1
09.11.2023,"761,741",313,0,0,1,0,0,0,12.8
10.11.2023,"789,124",314,0,0,0,1,0,0,12.4
11.11.2023,"756,892",315,0,0,0,0,1,0,14.6
12.11.2023,"666,990",316,0,0,0,0,0,1,14.9
13.11.2023,"814,576",317,0,0,0,0,0,0,12.9
14.11.2023,"797,508",318,1,0,0,0,0,0,11.4
15.11.2023,"832,812",319,0,1,0,0,0,0,9.8
16.11.2023,"839,958",320,0,0,1,0,0,0,8.8
17.11.2023,"825,056",321,0,0,0,1,0,0,7.4
18.11.2023,"810,742",322,0,0,0,0,1,0,6.9
19.11.2023,"588,102",323,0,0,0,0,0,1,2.4
20.11.2023,"799,889",324,0,0,0,0,0,0,3
21.11.2023,"773,776",325,1,0,0,0,0,0,5.5
22.11.2023,"792,465",326,0,1,0,0,0,0,7.7
23.11.2023,"829,040",327,0,0,1,0,0,0,10.9
24.11.2023,"898,907",328,0,0,0,1,0,0,11.1
25.11.2023,"777,015",329,0,0,0,0,1,0,10
26.11.2023,"775,943",330,0,0,0,0,0,1,8.1
27.11.2023,"785,486",331,0,0,0,0,0,0,0.2
28.11.2023,"886,548",332,1,0,0,0,0,0,1.4
29.11.2023,"946,553",333,0,1,0,0,0,0,8
30.11.2023,"861,641",334,0,0,1,0,0,0,10.5
01.12.2023,"763,906",335,0,0,0,1,0,0,10.8
02.12.2023,"804,174",336,0,0,0,0,1,0,10.4
03.12.2023,"710,689",337,0,0,0,0,0,1,9.6
04.12.2023,"897,887",338,0,0,0,0,0,0,8.3
05.12.2023,"892,973",339,1,0,0,0,0,0,7.9
06.12.2023,"718,939",340,0,1,0,0,0,0,7.6
07.12.2023,"913,136",341,0,0,1,0,0,0,9.1
08.12.2023,"921,038",342,0,0,0,1,0,0,9
09.12.2023,"834,418",343,0,0,0,0,1,0,7.6
10.12.2023,"771,670",344,0,0,0,0,0,1,5
11.12.2023,"900,504",345,0,0,0,0,0,0,6.3
12.12.2023,"919,374",346,1,0,0,0,0,0,7.4
13.12.2023,"872,816",347,0,1,0,0,0,0,5.5
14.12.2023,"897,147",348,0,0,1,0,0,0,5.6
15.12.2023,"849,705",349,0,0,0,1,0,0,7.1
16.12.2023,"856,315",350,0,0,0,0,1,0,9.1
17.12.2023,"746,322",351,0,0,0,0,0,1,5.7
18.12.2023,"862,794",352,0,0,0,0,0,0,2.1
19.12.2023,"877,769",353,1,0,0,0,0,0,3.2
20.12.2023,"835,684",354,0,1,0,0,0,0,3.6
21.12.2023,"898,686",355,0,0,1,0,0,0,2.7
22.12.2023,"885,217",356,0,0,0,1,0,0,6.4
23.12.2023,"723,350",357,0,0,0,0,1,0,5.7
24.12.2023,"729,270",358,0,0,0,0,0,1,6.1
25.12.2023,"895,309",359,0,0,0,0,0,0,7.7
26.12.2023,"846,305",360,1,0,0,0,0,0,7.7
27.12.2023,"832,707",361,0,1,0,0,0,0,6.1
28.12.2023,"838,790",362,0,0,1,0,0,0,6.3
29.12.2023,"858,855",363,0,0,0,1,0,0,4.7
30.12.2023,"706,531",364,0,0,0,0,1,0,4.3
31.12.2023,"593,360",365,0,0,0,0,0,1,4.9
